1 , exquisite details 
1 , this long story 
1 , jallikattu socalled protests 
1 , chennai beach 
1 , a sample 
2 , jallikattu kodipandem ap special category status apscs 
3 , entha naiyavuthu jairam ramesha ethirthu kural kuduthutha marinaprotest jallikattu 
4 , jallikattu jallikattuprotest actorsimbu 
5 , jallikattu movement supremecourt 
6 , kambala 
6 , a less harmful sport 
6 , kambalafight 
8 , apdamandsspecialstatus jallikattu 
9 , jallikattu kodipandem 
10 , jallikattu ooopss i 
10 , peta people 
10 , evil thoughts association 
11 , stalin 
11 , jallikattu stir natarajan 
12 , peta 
12 , us 
13 , simbu interview fulldetail jallikattu struggle fishermen police 
14 , jallikattu manjuvirattu 
14 , tn 
14 , fervour 
15 , ban slaughter 
15 , gurudev 
16 , jallikattu support 
16 , harrisjayaraj 
16 , jallikattuisourbirthright j 
17 , jallikattu jallikattuforsure jallikatu banpeta 
18 , marinabeach jallikattu 
19 , dear 
19 , jallikattu kambala 
19 , sense 
19 , veterinary hospitals 
20 , jallikattu jallikattuordinance 
20 , jallikattuprotest marinaprotest 
21 , jallikattu 
21 , barbarism ram 
21 , gopal varma 
21 , protests 
22 , jallikattu jallikattuprotes 
23 , apdemandsspecialstatus jallikattu janasena 
24 , ponradhakrishnan jallikattu 
25 , who 
25 , i 
25 , dravidan supporter 
25 , you 
25 , my tweets 
25 , jallikattu issue 
25 , strongly supported 
26 , jallikattu protest 
26 , a social activist 
26 , more than decades 
27 , hi guys 
27 , this 
27 , raghavalawrence fans page 
27 , we 
27 , we 
27 , support 
27 , our real hero jallikattu jallikattuslogans 
28 , c si sipressmeet police jallikattu 
29 , trajendar simbu tr jallikattu jallikattuprotest 
30 , dairy startups milk jallikattu campaign 
30 , the economic times 
31 , we 
31 , all 
31 , petaindia 
31 , jallikattu 
31 , it 
31 , the tv remote 
31 , mom 
32 , any 
32 , who 
32 , peta 
32 , mncs 
32 , a fictitious world jallikattu 
33 , exclusive jallikattuprotests jallikattu 
34 , tr jallikattu 
35 , media reports 
35 , many people 
35 , jallikattu but dont 
35 , any news 
35 , people 
35 , police attack biasedmedia factcheck 
36 , jallikattu suriya 
37 , jallikattu 
37 , holi 
37 , makarsankranti 
38 , millions 
38 , families 
38 , our villages 
38 , death 
38 , you 
38 , jallikattu pls 
39 , we 
39 , jallikattu 
39 , you 
40 , jallikattu jallikattuprotest 
41 , who 
41 , peta targetedtruth tcodlskekvb 
41 , antianimal rights amp welfare jallikattu banjallikattu 
42 , dont 
42 , low watching tv 
42 , this 
42 , our jallikattu bulls horns 
42 , fire amp bs 
42 , steel 
43 , whatsapp forward 
43 , the day 
44 , a muslim 
44 , jallikattu protest 
44 , a muslim 
44 , channel how 
45 , you 
45 , a jallikattu 
45 , bhansalis 
46 , ngo and christian groups 
46 , jallikattu 
46 , full report 
47 , raghava lawrence 
47 , cm panneerselvam tcoftcjqtct jallikattu raghavalawrence cmpaneerselvam 
48 , peta 
48 , animals misinformation source jallikattu banjallikattu peta animalrights 
49 , there 
49 , a misconception 
49 , supremecourt 
49 , it 
49 , ramesh sivasenpathy 
50 , jallikattu strpressmeet 
51 , there 
51 , no comparison 
51 , jallikattu amp ucc ucc 
51 , about women rights amp empowermentjallikattu 
51 , a sport 
52 , something 
52 , some future problem 
52 , we 
52 , india 
53 , investigation 
53 , bank acnt amp call hstry 
53 , same pattern 
53 , d case 
54 , hiphop adhi 
54 , chennai violence amp jallikattu issue exc jallikattu 
55 , simbu jallikattu 
56 , stalin instigated students 
56 , jallikattu agitation sasikalas husband 
57 , an thalaivan speech 
57 , jallikattu issue 
57 , tamil strpressmeet 
58 , beefeating cadre 
58 , dmk admk 
58 , ltte remnants 
58 , dr 
58 , brahmins 
58 , talk jallikattu haven 
58 , seen gutter tweets 
59 , kerala superstar mammootty 
59 , jallikattu support message 
60 , jallikattu savefarmers 
61 , our speech 
61 , vikatanawards 
61 , jallikattu 
62 , tomorrow evening 
62 , new video 
62 , jallikattu 
62 , jallikattuslogans 
63 , pics 
63 , truth 
63 , thala nadigarsangam jallikattu nadigarsangamprotest 
64 , thamizha tamilnadu tnboys 
64 , jallikattu protest 
64 , marina currentstatus 
65 , for jallikattu 
66 , must 
66 , activists 
66 , experts 
66 , court cases farmers 
66 , jallikattu h 
67 , jallikattubullfight spiritual leader 
67 , jallikattu 
67 , there every month 
67 , itvideo 
68 , jallikattu bulls 
68 , jallikattu 
68 , that more humane 
69 , jallikattu animal 
69 , our partnerto mistreat isnt 
69 , rightand not common 
69 , some ppl ge 
70 , jallikattu its a rural sport 
70 , that 
70 , youth away 
70 , bad habits local admn 
70 , traditio 
71 , jallikattu just 
72 , so many 
72 , in support 
72 , jallikattu justiceforjallikattu 
73 , jallikattu trajendar narendramodi opan 
74 , yesterday 
74 , the bull name jai 
74 , ntr fans 
74 , town 
75 , appeal 
75 , the people 
75 , tamil nadu 
75 , the protests 
75 , peaceful sg jallikattu 
76 , jallikattu justicef 
77 , whats 
77 , jallikattu but norms 
77 , the animals 
77 , safe sg 
78 , shivsena bjp jallikattu 
79 , jallikattu 
80 , all it 
80 , colossal mistrust 
80 , political establishment 
80 , a leaders demise 
80 , jallikattu 
81 , thanioruvanbrothers amp protest 
81 , jallikattu 
81 , marina 
82 , sasikala cm jayalalitha 
82 , ops 
82 , deepa marina jallikattu marinaprotest 
83 , a change 
83 , protests 
83 , its nature 
83 , statusquoist amp desperate attempt 
83 , ones 
83 , tradition n 
84 , congress bjp tamilnadu 
85 , jallikattu mai koi action rxn nahi 
86 , wakeuphindus 
86 , our hindu tradition 
86 , culture 
86 , religious festivals 
86 , lost secul 
87 , mondaytuesday 
87 , dr 
87 , jallikattu 
87 , sc 
87 , how many 
87 , national or tn media 
88 , slaughter 
88 , jallikattu activists protest chinese 
88 , dogs 
88 , we 
88 , cows 
89 , jallikattu 
89 , support 
90 , jlf sadhguru bats 
90 , jallikattu 
91 , jallikattu not 
91 , a bull fight 
91 , the bull 
91 , you 
91 , bull 
91 , the sport 
92 , sea 
92 , hope 
92 , what 
92 , an inspiring visual the future 
92 , bright a million stars 
92 , marina jallikattu 
93 , jallikattu ban 
93 , it 
93 , a bull fight 
93 , it 
93 , the animal 
94 , the best 
94 , recent times 
94 , we 
94 , family system 
94 , biased laws 
95 , the best 
95 , recent times 
95 , we 
95 , family system 
95 , biased laws feminism 
96 , jallikattu 
96 , a sport 
96 , it 
96 , ucc unfairly 
96 , vested interest feminismisantimen 
97 , jallikattu 
97 , the world 
97 , evil ngos 
97 , ppl 
97 , who 
97 , those 
98 , rgv slams maheshbabu 
98 , problems 
98 , andhra pradesh 
99 , jallikattu protesters 
99 , osama bin ladens pictures 
99 , separate tamilnadu 
100 , protests 
100 , tamil nadu jallikattu jallikattuordinance 
1 , jallikattu shameontnpolice 
2 , children 
2 , tn 
2 , of 
2 , chennai children 
2 , moderately stunted growth kambala jallikattu 
3 , kaalapoottu 
3 , kerala government approval jallikattu 
4 , ragavalawrence lawrence 
4 , cm panneerselvam tcokjbxjpwv jallikattu cmpaneerselvam 
5 , nice record 
5 , d emotions 
5 , jallikattu protestorsmy quote 
5 , d middle 
5 , the article 
6 , jallikattu vikatanawards vikatancinemaawards 
7 , a ludicrous attempt 
7 , jallikattu 
7 , a hoax 
7 , triple talaq comparison 
8 , india ranks 
8 , countries 
8 , children 
8 , less than five years 
9 , kambala matter 
9 , weeks 
9 , karnataka hc 
9 , high court 
9 , petitioner 
9 , sc grants verdict 
9 , jallikattu 
10 , india tamilnadu 
10 , tamizhanda tamilsforjallikattu bullfight jallikattu pongal 
11 , india 
11 , on global hunger index kambala jallikattu 
12 , ragavalawrence lawrence 
12 , cm panneerselvam tcokjbxjpwv jallikattu cmpaneerselvam 
12 , false inreplytostatusid null id favoritecount entities 
12 , expandedurl displayurl googlewds media type photo 
12 , mediaurl 
12 , false coordinates null source twitter 
12 , android inreplytoscreenname null inreplytouserid null retweetcount idstr 
12 , false user followerscount profilesidebarbordercolor 
12 , idstr profilebackgroundcolor 
12 , listedcount 
12 , false utcoffset null statusescount description 
12 , others 
12 , yourself 
12 , others 
12 , yourself 
12 , location profilelinkcolor daf profileimageurl 
12 , false geoenabled false profilebannerurl profilebackgroundimageurl screenname sasaibangaram lang 
12 , profilebackgroundtile false favouritescount name 
12 , pawanism notifications false url null createdat 
12 , oct 
12 , false timezone null 
12 , false defaultprofile 
12 , false geo null 
12 , null possiblysensitive false lang 
12 , createdat mon jan 
12 , null place null extendedentities metadata 
13 , hiphoptamizha 
13 , jallikattu struggle 
13 , whatsapp confession 
14 , jallikattu deepa 
14 , ngra peru 
15 , anyone 
15 , oprodeo jallikattu animalabuse 
15 , entertainment need 
15 , their understanding 
15 , life endanim 
16 , most remarkable thing 
16 , the jallikattu protests 
16 , the young women 
16 , the beach 
16 , no fear 
16 , harassmentdelh 
17 , simbu addresses media 
17 , jallikattu protest and violence strpressmeet 
18 , all jallikattu protesters 
18 , who 
18 , sugar waters pepsi 
18 , cocacola ads 
19 , breakingmadras hc 
19 , report 
19 , police crackdown 
19 , jallikattu protesters 
19 , feb 
20 , we 
20 , truths 
20 , rapes 
20 , men 
20 , nothing 
21 , those men 
21 , who 
21 , anger 
21 , any mens issues 
21 , what 
21 , this show bull 
22 , jallikattu 
22 , a cultural symbol respect 
22 , it 
22 , all 
22 , animal rights 
22 , but here 
22 , that 
22 , the pointtradition amp 
23 , karnataka 
23 , kambala matter 
23 , petitioner 
23 , sc 
23 , jallikattu verdict 
24 , hotels jallikattu pepsi coke 
25 , quality 
25 , life 
25 , we 
25 , the indians fight 
25 , jallikattu kambala padmavati 
25 , religions 
26 , jallikattu mkstalin 
27 , timesofindia kambala matter 
27 , karnataka hc 
27 , weeks petitioner 
27 , sc grants verdict 
27 , jallikattu 
28 , newsalert kambala matter 
28 , weeks 
28 , karnataka hc hc 
28 , petitioner 
28 , sc grants verdict 
28 , jallikattu 
29 , kambala matter 
29 , karnataka hc 
29 , weeks petitioner 
29 , sc grants verdict 
29 , jallikattu 
30 , kambala matter 
30 , weeks 
30 , karnataka hc hc 
30 , petitioner 
30 , sc grants verdict 
30 , jallikattu ani 
31 , kambala matter 
31 , two weeks 
31 , karnatakahc 
31 , the petitioner 
31 , sc grants verdict 
31 , jallikattu 
32 , hc 
32 , plea 
32 , kambala 
32 , two weeks 
32 , the petitioner 
32 , sc order 
32 , jallikattu matter 
33 , modi 
33 , jallikattu 
33 , mahadayi 
33 , mahadayi 
34 , jallikattu talaq sports 
34 , misogynist practice typical libtard nologic 
35 , the congress party 
35 , its manifesto 
35 , tamilnadu election 
35 , promised 
35 , jallikattu hypocrisy 
35 , congress aga 
36 , jallikattu h 
37 , karnataka 
37 , kambala says 
37 , sc hearing 
37 , jallikattu next hearing 
37 , weeks 
38 , simbu jallikattu protest 
39 , deaths 
39 , jallikattu 
40 , jallikattu 
40 , jallikattuforever jallikattuprotest seeman jallikattunadathurom 
41 , lesson 
41 , jallikattu protest kambala protest organizers 
41 , bengaluru 
41 , no hijacking 
41 , htt 
42 , rajinifollowers 
42 , s 
42 , full video 
42 , rajinikanth sirs speech 
42 , jallikattu jallikattu 
42 , a culture 
43 , jallikattu issue v 
43 , demonetisation 
43 , what 
43 , what 
43 , the outcome 
43 , many black money holders 
43 , cau 
44 , jallikattu self gain 
44 , not tamilnadu traders 
44 , cocacola pepsi 
44 , vs india sugar epidemic 
45 , actor 
45 , release 
45 , jallikattu protestors 
46 , jallikattu dispute 
46 , nadu cm assures 
46 , cases 
46 , students 
47 , cinema 
47 , dumbo u cant 
47 , any viz 
47 , northis 
47 , hr beafeater supporting jallikattu 
47 , fraud love cow 
47 , a porki 
48 , why 
48 , ashutoshmaharaj case 
49 , shameonbollywood tamil film industry 
49 , rock solid support jallikattu 
49 , support kashmiri hindus 
50 , party and jairam ramesh 
50 , the main reason 
50 , this problem jallikattu antiindiacongress 
51 , the perfect time 
51 , situations 
51 , jallikattu takkarutakkaruidhu maata pathina pre illa un naata pathina prechana 
52 , jallikattu kambala 
53 , jallikattu peta tngovernment 
54 , jallikattu ameer nerpadapesu 
55 , you 
55 , that supremecourt 
55 , some judgements 
55 , dahihandi loudspeakers 
55 , your t 
56 , who 
56 , jallikattu prime mover 
56 , the agitation karthikeya sivasenapathy 
56 , jallikattuprotest ht 
57 , suzuki 
58 , virsanghvi 
58 , virtuosity 
58 , the bulltaming tradition amp massive protests 
59 , dmk jallikattu dsp marina police 
60 , peta apologises 
60 , projallikattu stand 
60 , singam promotion 
61 , hble sc 
61 , doors 
61 , terrorist yakubmenon case 
61 , am 
61 , morn but wont 
61 , pil 
61 , jallikattu ppl emotions 
61 , matter 
62 , suriya jallikattu pet 
63 , what 
63 , your views 
63 , jallikattu 
64 , jallikattu vikatanawards vikatancinemaawards 
65 , jallikattu charges 
65 , tamil nadu 
66 , jallikattu jallikattuordinance strpress 
67 , gethu 
68 , proud 
68 , you 
68 , ppl 
68 , marina amp 
68 , your knowledge 
68 , jallikattu keep 
68 , it 
69 , you 
69 , the politics 
69 , the jallikattu ban 
70 , we 
70 , it 
70 , all 
70 , you 
70 , who 
70 , this protest 
70 , almost an year 
71 , she 
71 , our heartsshe 
71 , hearts 
71 , her own people tamilians 
71 , she 
71 , her love 
71 , jallikattu 
72 , jallikattu gandhis dream 
72 , chennaimarina 
72 , nowadays this 
72 , thetamizhan mahatmagandhi l 
73 , tennis fan federer 
73 , nadalu jallikattu fan peta oru muttalu ausopen federernadal fedal 
74 , sc 
74 , jallikattu amp kambala cant 
76 , poll 
76 , jallikattu ban 
4 , poll 
4 , jallikattu ban 
4 , all petitions 
4 , jallikattu 
4 , supreme court tomorrow tomorrow 
4 , the dday 
4 , all the youth 
7 , all petitions 
7 , jallikattu 
7 , supreme court tomorrow tomorrow 
7 , the dday 
7 , all the youth 
1 , all petitions 
1 , jallikattu 
1 , supreme court tomorrow tomorrow 
1 , the dday 
1 , all the youth 
1 , all petitions 
1 , jallikattu 
1 , supreme court tomorrow tomorrow 
1 , the dday 
1 , all the youth 
1 , all petitions 
1 , jallikattu 
1 , supreme court tomorrow tomorrow 
1 , the dday 
1 , all the youth 
1 , all petitions 
1 , jallikattu 
1 , supreme court tomorrow tomorrow 
1 , the dday 
1 , all the youth 
1 , all petitions 
1 , jallikattu 
1 , supreme court tomorrow tomorrow 
1 , the dday 
1 , all the youth 
1 , all petitions 
1 , jallikattu 
1 , supreme court tomorrow tomorrow 
1 , the dday 
1 , all the youth 
3 , jallikattu 
3 , permanent hon president 
3 , india 
3 , the jallikattu ordinance 
3 , tamilnadu gover 
4 , superstar rajinikanth ilayathalapathy vijay 
4 , kamalhaasan jallikattu 
5 , letsdojallikattu jallikattu 
6 , jallikattu lawrence 
7 , feb feb feb jallikattu official date 
8 , jallikattu dates 
8 , jallikattu 
9 , a woman 
9 , who 
9 , triple talaq 
9 , a disgrace 
9 , the human mind 
9 , it 
10 , janasena battleofandhras 
11 , congress party 
11 , jallikattu 
11 , its tamil nadu 
11 , crocodile tears 
12 , nagaland people 
12 , street dog 
12 , poorvajoshipura radharajan 
12 , they 
13 , our cm and pm 
13 , jallikattu tr trajendar 
14 , thala ajith 
14 , ns hunger strike 
14 , jallikattu ban 
15 , rft 
15 , full video 
15 , rajinikanth sirs speech 
15 , jallikattu jallikattu 
15 , a culture 
16 , all petitions 
16 , jallikattu 
16 , supreme court tomorrow tomorrow 
16 , the dday 
16 , all the youth protests 
17 , bulls 
17 , beef parties 
17 , progressive jallikattu 
18 , jallikattu vikatancinemaawards 
19 , rajini speech 
19 , jallikattu jallikattu 
19 , a culture point 
19 , false inreplytostatusid null id favoritecount entities 
19 , text rajini 
19 , false coordinates null source twitter 
19 , android inreplytoscreenname null inreplytouserid null retweetcount idstr 
19 , false retweetedstatus contributors 
19 , false text rajini speech 
19 , jallikattu jallikattu 
19 , a culture point 
20 , thanks youthpower studentspower tngovernment centralgovt jallikattu 
21 , dmdk vijayakanth jallikattu 
22 , peta amp pseudo ngos 
22 , jallikattu 
22 , they 
22 , when trillions 
22 , animals 
22 , eid double standard 
23 , manmohansingh 
23 , jallikattu cruel 
23 , opportunist congi 
23 , the protest 
23 , the real sta 
24 , u 
24 , r united jallikattu den 
24 , cinema 
24 , our culturestop 
26 , newstamilnadu jallikattu 
27 , people r 
27 , ancient jallikattu ja 
28 , indian president 
28 , the bill 
28 , tn assembly 
28 , jallikattu victory 
29 , the petitioner counsel 
29 , the police 
29 , themselves 
29 , fire 
29 , vehicles 
30 , jallikattu official date release feb feb feb 
31 , one 
31 , jallikattu amp 
31 , the cpi style 
31 , killings 
31 , kerala 
31 , no cruelty 
31 , jallikattu 
32 , jallikattu justiceforjallikattu 
32 , this 
33 , jallikattu 
33 , avaniyapuram 
33 , th feb 
33 , palamedu 
33 , th feb amp 
33 , alanganallur 
33 , th feb jallikat 
34 , rft rajinikanth speech 
34 , vikatanawards 
34 , jallikattu superstarsupportsjallikattu magizchi 
35 , jallikattu official date release feb feb feb 
36 , jallikattu violence hc issues 
36 , govt dgp 
37 , superstar rajinikanth speech 
37 , jallikattu 
38 , jallikattu alanganallur 
39 , sr counsel parasaran 
39 , jallikattu act 
39 , tn 
39 , sr counsel soli 
39 , it 
39 , awbi amp others 
40 , the house 
40 , poor not 
40 , theyre police or terrorists 
40 , shameontnpolice jallikattu 
41 , this 
41 , the people 
41 , peta jallikattu 
42 , madrashighcourt issues 
42 , nadu govt dgp 
42 , jallikattu violence 
43 , apdemandsspecialstatus jallikattu janasena battleofandhras 
43 , this link 
43 , opportunistic politics 
44 , apdemandsspecialstatus staleladdoos janasena jallikattu battleofandhras 
45 , video link peta amp petaindia 
45 , poorvajoshipura 
45 , jallikattu hinduban 
46 , ban sc 
47 , jallikattu haters 
48 , tamil nadu police 
48 , youngsters 
48 , ipl and team 
48 , shameontnpolice jallikattu 
49 , jallikattu stalin opanneerselvam 
50 , ayuthaezhuthu jallikattu violence jal 
51 , simbu press 
51 , jallikattu protest requests 
51 , the students 
52 , very happy nirantharasattam jallikattu 
53 , just bureaucrats 
53 , historians 
53 , cricket board 
53 , the day 
53 , indians 
53 , road 
53 , jallikattu 
54 , victoryforjallikattu happy unity 
54 , youth jio social media jallikattu 
54 , ambani 
55 , jallikattu im 
55 , the horse 
55 , bull 
55 , the guy 
55 , peta 
56 , jallikattu committee members 
56 , chinnamma 
56 , the ordinance 
57 , kambala row 
57 , hc adjourns case 
57 , two weeks 
57 , petitioner 
57 , jallikattu verdict 
58 , rajini speech 
58 , jallikattu jallikattu 
58 , a culture point 
58 , false inreplytostatusid null id favoritecount entities 
58 , text rajini 
58 , false coordinates null source twitter 
58 , iphone inreplytoscreenname null inreplytouserid null retweetcount idstr 
58 , false retweetedstatus contributors 
58 , false text rajini speech 
58 , jallikattu jallikattu 
58 , a culture point 
59 , jallikattu supremecourt 
60 , jallikattu marinaprotest 
61 , a choreographed support 
61 , sects 
61 , no regard amp respect 
61 , animals 
61 , d exte 
62 , most 
62 , jallikattu fixtures 
62 , alanganallur avaniyapuram palamedu 
63 , slaps 
63 , violence 
63 , what abt 
63 , atrocities 
63 , citizens 
63 , u 
63 , what 
63 , jallikattu 
64 , jallikattu jallikattuwins jallikattuordinance jallikattuprotest 
65 , jallikattu h 
66 , simbu requests police 
66 , the arrested jallikattu protesters 
67 , what 
67 , this country trajendar jallikattu 
68 , jallikattu rajinikanth 
69 , me 
69 , jallikattu protesters 
69 , jallikattuforever video ht 
70 , jallikattu 
70 , a chain reaction 
70 , india ppl 
70 , the streets 
70 , traditions 
70 , true history 
71 , jallikattu management committee 
71 , jallikattu 
71 , feb 
71 , avaniapuram february 
71 , palamedu and feb 
72 , ayuthaezhuthu jallikattu 
73 , youngsters 
73 , jallikattu 
73 , we 
73 , cuz 
73 , tamil keep protest jeipo 
74 , kambala jallikattu 
75 , cho chweet 
75 , amp dev jallikattu drawings 
75 , our bro cute amp 
75 , kids 
76 , show 
76 , strength 
76 , bth sides 
76 , sc 
76 , n jallikattu casebattery 
76 , sr counsels 
76 , s 
77 , jallikattu jallikattuforever 
78 , the president 
78 , india 
78 , the jallikattu ordinance 
78 , the tn assembly 
78 , letsdojallikattu 
79 , ppl 
79 , proud thinking 
79 , local body election 
79 , jallikattu fact 
79 , shortage 
79 , liquid cash 
79 , voters 
80 , show 
80 , strength 
80 , bth sides 
80 , sc 
80 , n jallikattu casebattery 
80 , sr counsels 
80 , side amp sorabjee 
80 , othr 
81 , jallikattu final dates 
81 , avaniyapuram feb palamedu feb alanganallur feb 
82 , kambala ban 
82 , karnataka hc opts 
82 , sc order 
83 , si suriya jallikattu 
84 , karnataka 
84 , ban 
84 , kambala 
84 , it 
84 , sc decision 
84 , jallikattu 
84 , it 
84 , kambala 
85 , jallikattu opanneerse 
86 , rajini speech 
86 , jallikattu jallikattu 
86 , a culture point 
86 , false inreplytostatusid null id favoritecount entities 
86 , text rajini 
86 , false coordinates null source twitter web client inreplytoscreenname null inreplytouserid null retweetcount idstr 
86 , false retweetedstatus contributors 
86 , false text rajini speech 
86 , jallikattu jallikattu 
86 , a culture point 
87 , patriots 
87 , endless battles 
87 , jallikattu next challenge 
87 , savecricket ramguhainbcci 
88 , dmk treasury benches 
88 , tamil nadu assembly 
88 , jallikattu 
89 , jallikattu feb feb feb 
90 , jallikattu 
91 , we 
91 , santhanathevan 
92 , madrashc issues 
92 , home secy dgp 
92 , pil 
92 , judicial probe 
92 , alleged police excesses 
92 , jallikattu protesters 
93 , friends 
93 , minutes 
93 , i 
93 , a video 
93 , jallikattu its expose video 
93 , peta ceo 
93 , amp pet 
94 , jallikattu impact sale 
94 , carbonated drinks dips 
94 , tamil nadu 
94 , my story 
94 , businessline 
95 , my humble request 
95 , government 
95 , the innocent students 
95 , who 
95 , the jallikattu protes 
96 , jallikattu final dates 
96 , avaniyapuram feb palamedu feb 
96 , alanganallur feb 
97 , jallikattu 
97 , permanent kudos 
97 , students 
97 , hon cm 
98 , justice nariman 
98 , d bench 
98 , jallikattu matter 
98 , earlier t 
98 , a typo error showng roy jj 
98 , mishra jj 
99 , pleae watch 
99 , this video 
99 , jallikattu 
99 , peta and anti india elements 
100 , jallikattu management committee 
100 , jallikattu 
100 , feb 
100 , avaniapuram feb 
100 , palamedu ampfeb 
101 , retweeted sir arnab peta amp pseudo ngos 
101 , jallikattu 
101 , they 
101 , when trillions 
102 , the commitment amp guts 
102 , ji 
102 , the cause 
102 , jallikattu 
102 , his support 
102 , the protestors 
103 , tweeted earlier justice rohinton nariman 
103 , the bench 
103 , jallikattu case 
104 , spirited nation 
104 , tamilians 
104 , this year 
104 , great fight 
104 , untill it 
105 , jallikattu final dates 
105 , avaniyapuram feb palamedu feb 
105 , alanganallur feb 
106 , cleared jallikattu bill 
106 , tamilnadu assembly demonetisation atm restrictions 
106 , february st 
107 , feb jallikattu 
107 , alanganallur 
108 , mkstalin jallikattu 
109 , jallikattu 
109 , permanent hon president 
109 , india 
109 , the jallikattu ordinance 
109 , tamilnadu 
110 , manaparai jallikattu 
111 , bubble 
111 , anarchy 
111 , freedom marina jallikattu energy 
111 , marina beach 
112 , alanganallur jallikattu 
113 , world fame 
113 , alanganallur jallikattu 
113 , feb veeram 
113 , nu pakanum 
113 , varlam varlam 
113 , va madurai 
113 , ku va 
114 , justiceforjallikattuprotesters 
114 , it 
114 , jallikattuforever jallikattu mari 
115 , im 
115 , u i 
115 , you 
115 , uae 
115 , our culture amp tradition jallikattu unityforjallikattupmjan 
116 , jallikattu mayilvaganan 
117 , jallikattu management committee 
117 , jallikattu 
117 , feb 
117 , avaniapuram feb 
117 , palamedu ampfeb 
118 , who 
118 , osama photo 
118 , jallikattu protests panneerselvam 
118 , wednesday 
119 , tis protest 
119 , apj abdul kalam jallikattu 
119 , protestforjallikattu 
120 , no more words 
120 , marina students 
120 , stupid media 
121 , the cause 
121 , nsel victims 
122 , jallikattu 
122 , mannargudi 
123 , jallikattu alanganallur 
124 , jallikattu ordinance 
124 , president pranab mukherjee congratulations 
124 , all protestors 
124 , hell 
125 , trichy jallikattu breakingnews 
126 , permanent jallikattu 
127 , jallikattu dates 
127 , roadla 
128 , february st jallikattu 
128 , ready alanganallur 
129 , popular jallikattu events schedule feb st 
129 , alanganallur feb 
129 , palamedu 
130 , jallikattu alanganallur 
131 , letsdojallikattu letscelebratejallikattu 
132 , jallikattu 
133 , economictimes jallikattu violence hc issues 
133 , govt dgp 
134 , jallikattu 
134 , different parts 
134 , madurai 
134 , february 
135 , jallikattu jallikattuforever 
136 , thanks jallikattu 
137 , the president 
137 , the jallikattu ordinance victory and witness 
137 , strongertogether letsdojallikattu jall 
138 , our thalaivar speech 
138 , vikatanawards 
138 , jallikattu superstarsuppor 
139 , feb avaniyapuram feb palamedu feb 
139 , namma alanganallur 
140 , newsin jallikattu jallikattuprotest police shameontnpolice 
141 , jallikattu protest jallikattuforev 
142 , madras hc issues 
142 , govt dgp 
142 , jallikattu violence 
143 , jallikattu jallikattuprotest police shameontnpolice 
144 , high quality jallikattu posters print 
144 , your support jallikattu rjbalaji chennaimemes 
145 , jallikattu 
145 , the spirit 
145 , tamil nadu bold and fearless 
146 , this 
146 , a victory 
146 , student jallikattu 
146 , any politicians 
146 , your camma 
147 , jallikattu ban president 
147 , jallikattuordinance 
147 , tn government 
148 , no not 
148 , very few others 
148 , shamiana 
148 , few hrs 
148 , stunts 
148 , it 
148 , the students 
149 , jallikattu final dates 
149 , avaniyapuram feb palamedu feb alanganallur feb 
150 , jallikattu tamilnadu 
151 , the president 
151 , the jallikattu ordinance victory and witness 
151 , strongertogether letsdojallikattu 
152 , jallikattu 
152 , jallikatturevolution tamilnadu 
152 , saveourculturejal 
153 , its jallikattu amp rekla karnataka 
153 , its kambala 
153 , its kalapoottu 
154 , konjam kooda venkamae 
154 , poradnuvana koopuda sonna pokathavala koopudreenga jallikattu tamilnadu 
155 , jallikattu str 
156 , sastra university students 
156 , jallikattu worst 
157 , jallikattu jallikattuprotest studentsprotest chennai marina trajenda 
158 , peta ceo 
158 , poorvajoshipura 
158 , wholehearted appology 
159 , jallikattu jallikattuforever happy sad tnyouthpower tnyoungsters tnyouthmovement 
160 , watch 
160 , sport jallikattu 
160 , karungulam village 
160 , tamil nadu 
161 , jallikattuprotest jallikattu 
162 , me 
162 , jallikattu protesters 
162 , jallikattuforever video 
163 , jallikattu tngovt 
164 , see tamilans power jallikattu 
165 , power 
165 , students 
166 , jst qstn 
166 , ppl pm 
166 , rsvbnk 
166 , courts 
166 , r parliament 
166 , thn cms 
166 , jallikattu 
166 , right nd 
166 , y pray 
167 , bairavaa collection 
167 , protest 
168 , jallikattu dates 
168 , avaniyapuram feb paalamedu feb alanganallur feb 
169 , this video 
169 , possible guys 
169 , banpeta 
170 , he 
170 , you 
171 , president pranab mukherjee 
171 , jallikattu ordinance 
171 , tn governmentget ready guys 
172 , alanganallur jallikattu 
172 , avaniyapuram 
172 , th feb 
172 , alanganallur 
172 , thmakkalmovement 
173 , trichy jallikattu 
174 , jallikattu bill 
174 , unanimously victory 
174 , tamil nadu cheers 
174 , spirit marinabeach jallikattubill marina 
175 , alankanallur jallikattu 
176 , youthpower jallikattu 
177 , what 
177 , a country 
177 , this 
177 , deaths 
177 , doesnt anger people 
177 , jallikattu 
177 , a dangerous 
178 , jallikattu 
178 , feb 
178 , super 
178 , it 
178 , jallikattu horns 
178 , coimbatore 
179 , my friend request 
179 , my crush president 
179 , the bill 
179 , jallikattu 
180 , jallikattu pureyouthvictory 
181 , jallikattu legislation 
181 , aiadmk jallikattu 
182 , tnjallikattu amendpca banpeta jallikattu 
183 , jallikattu official date feb feb feb 
184 , jallikattu jallikattuprotest jallikattufire 
185 , many jallikattu supporters 
185 , twitter max 
185 , justiceforjallikatu jallikattuordinance jallikattuprotest 
186 , jallikattu 
186 , feb 
186 , avaniapuram 
186 , all india 
186 , dravida 
187 , pongaluku apram namma ivlo ponguvom nu edhirpaathiruka 
187 , our jallikattu protests 
187 , success 
188 , no cmo 
188 , they 
188 , jallikattu hon 
188 , he 
188 , the man 
189 , very good run 
189 , jallikattu issue 
189 , ennaikoengayo poirukkum 
190 , many 
190 , this a victory but fate 
190 , jallikattu 
190 , the supreme court verdict 
190 , tomorrow 
191 , jallikattu management committee decideds 
191 , jallikattu 
191 , february th 
191 , avaniapuram 
192 , arisipaalayam theppakkulam restoration documentary salem citizens 
192 , jallikattu tamil farmers 
193 , jallikattu 
193 , feb 
193 , avaniapuram 
194 , situation 
194 , nd largest beach 
194 , the world marina beach jallikattuslogans 
194 , jallikattu marinabeach 
195 , ban 
195 , kambala stays 
195 , high court 
195 , verdict 
195 , jallikattu 
196 , kambala karnataka 
197 , jallikattu supportjallikattu banpeta bulls 
198 , jallikattu mkstalin tnass 
199 , rajini speech 
199 , jallikattu jallikattu 
199 , a culture point 
199 , false inreplytostatusid null id favoritecount entities 
199 , text rajini urls media type photo 
199 , mediaurl 
199 , false coordinates 
199 , null source mobile web inreplytoscreenname null inreplytouserid null retweetcount idstr 
199 , false user description followerscount profilesidebarbordercolor 
199 , idstr profilebackgroundcolor fffa listedcount 
199 , false utcoffset null statusescount description 
199 , twitter biggest official fan page updates 
199 , kabali point 
199 , magizhchi friendscount location 
199 , profilelinkcolor daf profileimageurl 
199 , false geoenabled false profilebannerurl profilebackgroundimageurl null screenname rajinifansteam lang 
199 , profilebackgroundtile false favouritescount name rajinikanth fans 
199 , false url createdat tue 
199 , false timezone null 
199 , false defaultprofile 
199 , false geo null 
199 , null possiblysensitive false lang 
199 , createdat mon jan 
199 , null place null extendedentities 
199 , sizes 
199 , large medium thumb indices type video id mediaurl metadata 
200 , jallikattu official date release feb feb feb 
201 , newsalertjallikattu management committee 
201 , jallikattu 
201 , feb 
201 , alanganallur 
202 , who 
202 , ban 
202 , jallikattu 
202 , a bull stand 
202 , slaughterhouse and arena 
202 , the bull 
203 , jallikattu management committee 
203 , jallikattu 
203 , feb 
203 , avaniapuram feb 
203 , palamedu 
204 , simbhu str jallikattu 
205 , jallikattu palamedu 
206 , hc 
206 , kambala 
206 , petitioner 
206 , sc verdict 
206 , jallikattu 
207 , jallikattu management committee 
207 , jallikattu 
207 , feb 
207 , avaniapuram february 
207 , palamedu and feb 
207 , alanganallur 
208 , jallikattu management committee 
208 , jallikattu 
208 , feb 
208 , avaniapuram feb 
208 , palamedu ampfeb 
208 , alanganallur 
209 , you 
209 , your duty 
209 , the nation 
209 , immediate action 
209 , jallikattu and wat 
209 , the kambala 
210 , law ministry 
210 , ordinance 
210 , jallikattu collector 
210 , inspection 
210 , alanganallur palamedu avaniapuram 
211 , we 
211 , govt 
211 , which 
211 , sports 
212 , jobless growth 
212 , misplaced strategies 
212 , employment based uprisings 
212 , a norm jallikattu jattandolan 
213 , my sandart 
213 , message 
213 , jallikattu 
213 , puri beach odishaindia 
214 , i 
214 , respect tradition and culture 
214 , our great nation jallikattu 
215 , yaalaruvi jallikattu trump 
216 , less amp 
216 , tamilnadu tnyoungsters shameontnpolice jallikattu 
217 , jallikattu committee 
217 , jallikattu 
217 , feb 
217 , avaniapuram feb 
217 , palamedu ampfeb 
217 , alanganallur 
218 , dont 
218 , any interest 
218 , politics 
218 , he 
218 , a tamilan 
218 , he 
218 , tamilans 
218 , they 
218 , any issue jallikattu str 
219 , jallikattu 
219 , we 
220 , jallikattu protest beach 
221 , the president 
221 , india 
221 , the jallikattu ordinance 
221 , the tn assembly 
222 , jallikattu violence 
222 , high court issues 
222 , government and dgp 
223 , retweeted aiadmk jallikattu 
224 , tamil farmers 
225 , sasikala jallikattu avaniyapuram ops 
226 , abp news 
226 , hc issues 
226 , govt dgp 
226 , jallikattu violence 
227 , jallikattu 
227 , avaniyapuram 
227 , th feb 
227 , palamedu 
227 , th feb amp 
227 , alanganallur 
227 , th feb 
228 , dont support 
228 , more than animal welfare sport ethics 
228 , human safety 
229 , jallikattu 
229 , the president 
229 , india 
229 , the jallikattu ordinance 
229 , the tamilnadu government letsdojallikat 
230 , president 
230 , india 
230 , ordinanceforjallikattu 
230 , tamilnadu govt 
230 , guide line 
230 , conducts 
231 , jallikattu final dates 
231 , avaniyapuram feb palamedu feb 
231 , alanganallur feb 
231 , rea 
232 , alanganallur jallikattu organisers 
232 , ppl and students 
232 , tn 
232 , jallikattu 
232 , which 
232 , th jallikattuforever 
233 , president 
233 , state 
233 , act 
233 , feb avaniyapuram feb paalamedu feb alanganallur jallikattuv 
234 , president 
234 , state 
234 , act 
234 , feb avaniyapuram feb paalamedu feb 
234 , alanganallur jallikattuvictory yayyy 
235 , jallikattu jallikattuprotest marinaprotest 
237 , february jallikattu 
237 , alanganallur february 
237 , paalahmedu 
238 , jallikattu 
238 , the president 
238 , india 
238 , the jallikattu ordinance 
238 , the tamilnadu government 
239 , president jallikattu 
240 , support 
241 , ha 
241 , ha 
241 , i 
241 , ds 
241 , me 
241 , tht tlks 
241 , plight 
241 , ppl 
241 , sm hash jallikattu 
242 , jallikattu 
242 , jallikatturevolution tamilnadu 
243 , panneerselvam jallikattu modi 
244 , rephrase 
244 , this 
244 , peoples 
244 , no single govt 
244 , the credit 
244 , students efforts 
244 , facili 
246 , amp jallikattu 
247 , simbu press 
247 , strpressmeet str jallikattu 
248 , jallikattu pranabmukherjee jallikattula 
249 , jallikattu protests 
249 , c 
249 , audiences 
250 , hi friends and fans 
250 , my official statement 
250 , jallikattu issue 
251 , cleared jallikattu bill 
251 , tamilnadu assembly 
252 , legitimising animal sports 
252 , acts 
252 , cruelty peta jallikattu 
253 , hope alanganallur organisers 
253 , you 
253 , you 
253 , you 
253 , ina 
254 , jallikattu jallikattuprotest jallikattuforever jallikattuordinance 
255 , we 
255 , president 
255 , india 
255 , it 
255 , you 
255 , jallikattu 
255 , permanent 
256 , jallikattu pranabmukherjee 
257 , hats 
257 , u 
257 , the whole team 
257 , an awareness n 
257 , jallikattu 
257 , a style 
258 , new date announcement feb 
258 , feb 
258 , jallikattu 
259 , cleared jallikattu bill 
259 , tamilnadu assembly 
260 , victory 
260 , tnyouth 
260 , jallikattu bill 
260 , ji 
261 , justice nariman 
261 , d bench 
261 , jallikattu matter 
261 , earlier t 
261 , a typo error showng roy jj 
261 , mishra j 
262 , jallikattu fallout tamilnadu traders 
262 , coke and pepsi 
263 , jallikattu dates 
263 , palamedu alanganallur 
264 , jallikattu 
265 , jallikattu final dates 
265 , avaniyapuram feb palamedu feb 
265 , alanganallur feb 
265 , ready jallikattuforever 
266 , suriya 
266 , sadness 
266 , jallikattu violence si 
267 , the app 
267 , jallikattu 
268 , jallikattu avaniyapuram 
268 , feb palamedu 
268 , feb 
268 , historic alanganallur 
268 , feb 
269 , forget peta opt 
269 , beef or jallikattu 
269 , cant kill cow 
269 , beef 
269 , supporter jallikattu fraud 
270 , business standard kambala ban 
270 , karnataka 
270 , opts 
270 , sc order 
271 , jallikattu 
271 , a culture 
271 , not cruelty 
271 , the traditionkindness and respect 
271 , animals 
271 , jallikattu i 
272 , jallikattu 
272 , an act 
272 , bill 
272 , tn assembly 
273 , jallikattu jallikattuordinance 
273 , pranabmukherjee president 
274 , thamizhan jallikattu tnyoungsters youthpower 
275 , jallikattu febth th 
276 , alanganalloor jallikattu 
276 , feb palamadu jallikattu 
276 , feb avaniyapuram jallikattu 
276 , feb jallikattu 
277 , nice meme jallikattu actorsurya meme 
278 , youngster voice 
278 , the jallikattu 
278 , its first knot 
278 , every problem 
278 , clg ht 
279 , hi guys 
279 , this 
279 , raghavalawrence fans page 
279 , we 
279 , we 
279 , support 
279 , our real hero jallikattu j 
280 , jallikattu 
281 , jallikattu jallikattuforever protests 
282 , request 
282 , all the news channels 
282 , jallikattu 
282 , the informed dates 
283 , jallikattu 
283 , permanent hon president 
283 , india 
283 , the jallikattu ordinance 
283 , tamilnadu government 
284 , jallikattu osamabinladen ops 
285 , breakingnews jallikattuordinance alanganallur jallikattu 
287 , jallikattu tamil farmers 
287 , the man 
287 , who 
287 , a forest 
287 , india 
288 , palamedu jallikattu 
289 , those anti national elements 
289 , d crowd 
289 , d guise 
289 , jallikattu protesttn police 
290 , its official 
290 , jallikattu alanganallur feb avaniyapuram feb palamedu feb jallikattu organisers 
290 , cm 
291 , jallikattu president pranab mukherjee 
291 , jallikattu ordinance 
291 , the tn government 
292 , jallikattuforever jallikattu 
293 , presidential assent 
293 , the prevention 
293 , cruelty act 
294 , thanks 
294 , the honorablestudents jallikattu jallikattuordinance 
295 , natarajan dmk jallikattu chiefminister 
296 , superstar rajinikanth speech 
296 , vikatanawards 
296 , jallikattu superstarsupportsjallikattu magizchi 
297 , jallikattu official date 
297 , we 
297 , cm 
297 , he 
297 , his presence 
298 , simbu press 
298 , jallikattu protest requests 
298 , the students 
298 , itzdisha 
299 , jallikattu alang 
300 , things 
300 , jallikattu protest 
300 , girls 
300 , people 
300 , tamil n 
302 , they 
302 , it 
302 , woman jallikattu 
303 , let students 
304 , another shocking video 
304 , police atrocity chennai 
305 , a policeman 
305 , a vehicle students 
305 , prey 
305 , the dirtygame 
305 , shameontnpolice jallikattu 
306 , things 
306 , jallikattu protest 
306 , girls 
306 , tn victo 
307 , jallikattu victory tnyoungsters 
308 , jallikattu marina 
309 , success jallikattu 
310 , jallikattu avaniyapuram 
311 , this mean 
311 , the sc 
311 , ban jallikattu 
311 , it 
311 , a band aid solution 
311 , it 
312 , jallikattu superstarrajinikanth 
313 , podra 
313 , thakida jallikattu 
314 , antinationals 
314 , they 
314 , the pm 
314 , at 
314 , that time jallikattu 
315 , demand 
315 , milk 
315 , native breed cows 
315 , tamilnadu 
315 , true revolution 
316 , president 
316 , jallikattu bill 
316 , tamilnadu assembly 
317 , u 
317 , its not jallikattu bull 
317 , which 
317 , jallikattu bull u idiot dont 
317 , fake image 
317 , peta badu jallikattu 
318 , suriya jallikattu 
319 , i 
319 , marina supporting 
319 , what 
319 , a 
319 , what 
319 , a discipline 
319 , we 
319 , this unity 
319 , lot 
319 , changes 
319 , t 
320 , jayalalithaa vardah jallikattu nice little deviations 
320 , demonetisation well played gov classicmisdirection 
321 , this 
321 , jallikattu misguided notion 
321 , this 
321 , helpless bull 
322 , opanneerselvam jallikattu tamilnadu 
323 , trichy manaparai karungulam jallikattu 
324 , the president 
324 , india 
324 , ordinance 
324 , the tn 
325 , jallikattu 
325 , it 
325 , protests policewomen 
325 , some sources 
326 , honourable pm 
326 , full support 
326 , government 
326 , jallikattu 
327 , pawankalyan tv 
327 , the reason 
327 , he 
327 , jallikattu nuv cheptene kada maku telustundi apdem 
328 , madurai bench 
328 , report 
328 , police action 
328 , alanganallur 
329 , jallikattu 
329 , the only thing 
329 , you 
329 , tamil nadu 
329 , this travelblogger foodblogger 
330 , days 
330 , he 
330 , jallikattu 
330 , permanent today 
330 , he 
330 , the same 
330 , it 
330 , c 
331 , jallikattu persistent calm and peaceful protests 
331 , our youth 
331 , so much hope 
331 , the future 
331 , our nation 
332 , jallikattu protest binladen 
333 , tamil poet vairamuthu 
333 , jallikattu 
333 , morning show 
334 , rajinikanth speech 
334 , jallikattu jallikattu 
334 , a culture 
335 , those jallikattu jolly protest days 
336 , jallikattu madras hc 
336 , report 
336 , police crackdown jallikattu 
337 , jallikattu pranabmukharjee 
338 , jallikattu 
338 , padmavati 
338 , selective media writers 
338 , obscurantist malcontents hinduhaters 
338 , fringe 
339 , speech marina jallikattu 
340 , great news jallikattu 
341 , one cannot control 
341 , the emotions 
341 , people 
341 , dear supremecourt jallikattu 
341 , a 
341 , an emotion 
341 , us 
342 , spread 
343 , jallikattu vote 
344 , jallikattu shameontnpolice 
345 , delhi aiadmk mps 
345 , presidents house 
345 , meeting president pranab mukherjee 
345 , jallikattu ordinance issue 
346 , i 
346 , bangalore 
346 , support jallikattu saveourculturejallikattu banpetaindia 
347 , jallikattuforever jallikattu jallikattuuprising 
347 , vettrithamizhan 
348 , thala fl release plan 
348 , issue 
348 , feb 
348 , the thursday 
349 , civilized society and country 
349 , what ppl 
349 , that society fight 
349 , jallikattu 
350 , tamila un 
350 , nam 
350 , sarbaka ungaluku veera vanakkam jallikattu 
351 , exclusive prespranab mukherjee 
351 , jallikattu ordinance shifts 
351 , temp permanent 
352 , cbi 
352 , the violence 
352 , jallikattu 
352 , it 
352 , the act 
352 , cruelty 
352 , nonhuman behavior 
353 , peta ceo 
353 , wholehearted apology 
353 , suriya jallikattu 
354 , jallikattu surya peta 
355 , jallikattu jallikattuprotest 
356 , good news 
356 , letsdojallikattu 
357 , jallikattu 
358 , president jallikattu ordinance 
359 , jallikattu actorsurya meme 
360 , janasena salutes 
360 , warriors 
360 , their inspiration 
360 , apdamandsspecialstatus battleofandhras 
361 , jallikattu sfi 
362 , another fantastic display 
362 , art 
362 , nehal he 
362 , a supporter 
362 , jallikattu amp 
362 , this art banpeta 
363 , jallikattu jallikattuordinance tamilsforjallikattu 
364 , jallikattu magizhchi 
365 , gkvasan jallikattuprotest jallikattu 
366 , you 
366 , a protest 
366 , so much peace humanity care 
366 , amp love 
366 , each other love 
366 , you 
366 , guys jallikattu 
367 , peta 
367 , with sarcasm animal welfare jallikattu 
368 , video link peta amp petaindia 
368 , poorvajoshipura 
368 , jallikattu 
369 , modi 
369 , jallikattu 
369 , mahadayi jallikattu 
370 , honourable chief minister 
370 , committee jallikattu date finalisedannouncement 
370 , tomorrow or day af 
371 , big contribution 
371 , jallikattu 
371 , its way 
371 , you 
371 , all 
371 , who 
371 , that 
371 , that very 
372 , str 
372 , press 
372 , jallikattu protesters 
372 , amp violence 
373 , the only country 
373 , the citizens 
373 , we 
373 , our rights 
373 , jallikattu wearthecrown sagawards 
374 , this 
374 , people 
374 , you 
374 , its permanent 
374 , what 
374 , earlier 
374 , the people 
375 , tnfarmersissue jallikattu jallikattuprotest jallikattuvictory victoryforjallikattu 
376 , happy 
376 , president 
376 , his assent jallikattu actvictory 
376 , jallikattuprotesti 
376 , all hurdles 
377 , people 
377 , they 
377 , the reason 
377 , this kind 
377 , unfortunate incidents 
378 , what 
378 , a kind gesture 
378 , our cm arranged lunch 
378 , us 
378 , secretary office jallikattu 
380 , karungulam trichy jallikattu 
380 , part 
380 , pongal fest 
380 , st ignatius church lakh spectators 
381 , wewon jallikattu 
382 , honourable president 
382 , india 
382 , the tn bill 
382 , jallikattu jallikattu 
383 , you 
383 , infinity 
383 , all jallikattuprotest amp 
383 , support 
383 , our jallikattu 
384 , india 
384 , a new cycle 
384 , partition newcycleofpartition jallikattu 
385 , jallikattu jallikattuprotest marina marinaprotest tnyoungsters 
386 , speech 
386 , jallikattu jallikattu 
386 , a culture 
387 , tons 
387 , food 
387 , the warm hearts 
387 , jallikattu 
387 , the marina beach 
388 , president 
388 , jallikattu bill 
388 , tamilnadu assembly truevictoryforstudents 
389 , radha rajan 
389 , an apology 
389 , the comments 
389 , she 
389 , the protestors 
389 , a defamation suit 
389 , her 
389 , madras hcjallikattu 
390 , president 
390 , the bill 
390 , tn assembly 
390 , jallikattu 
390 , we 
390 , it 
391 , nine 
391 , jallikattu 
391 , trichy tamilnadu 
392 , jallikattu gra 
393 , a time 
393 , jallikattu jallikattuprotest letsdojallikattu 
394 , jallikattu 
395 , peta 
395 , apology 
396 , jallikattuordinance jallikattu 
397 , jallikattu amendpca 
398 , tn tamilnadu 
398 , jallikattu president 
399 , jallikattu 
400 , jallikattu savejallikattu 
401 , naliki intha sattam selladhunu sc 
401 , solla podhuivaru ordinance ku oppudhal kudutha 
401 , kudukalina ena jallikattu 
402 , first indians 
402 , enough toilets 
402 , nationalism 
402 , china 
403 , hippoptamizha clear speech 
403 , some unknown groups 
403 , the jallikattu protesters 
403 , amp 
403 , ht 
404 , jallikattu president 
404 , the bill 
404 , tn assembly 
404 , jallikattu 
405 , the president 
405 , india 
405 , the jallikattu ordinance 
405 , the tamilnadu government 
406 , jallikattu bill 
406 , the president 
407 , jallikattu sasikala 
408 , jallikattu 
408 , id favoritecount entities 
408 , text urls 
408 , false coordinates null source twitter 
408 , android inreplytoscreenname null inreplytouserid null retweetcount idstr 
408 , false retweetedstatus contributors 
408 , false text jallikattu 
409 , killing 
409 , cruelty 
409 , jallikattu milking cows 
409 , elephants 
409 , temples etc 
410 , double standard 
410 , jallikattu jallikattuprotest 
411 , jallikattu jallikattuforever 
412 , jallikattu 
412 , peta tata 
412 , we 
412 , hell 
413 , kahi pe stars history ko banaye rakhane ke liye khade hote hain jallikattu 
413 , pe badlane k liye padma 
414 , pranabmukherjee 
414 , jallikattu bill 
414 , tamilnadu assembly 
415 , big contribution 
415 , jallikattu 
415 , its way 
415 , you 
415 , all 
415 , who 
415 , that 
415 , th 
416 , jallikattu jallikattuforever jal 
417 , the best speech 
417 , jallikattu 
417 , now its only youngster power stude 
418 , jallikattu jallikattuforever jallikattuforsure 
419 , kambala 
419 , karnataka there 
419 , kalapoottu 
419 , kerala 
420 , they 
420 , a hindu cultural tradition 
420 , it 
420 , a tamizh problem 
420 , i 
421 , i 
421 , a special wishes 
421 , amp centralgovt 
421 , jallikattu bill 
421 , honble president 
422 , jallikattu jallikattuprotestmarinaprotest 
423 , nagababu 
423 , sensational secret 
423 , jallikattu nagababu jallikattu tamilnadu 
424 , a 
424 , report jallikattu 
425 , jallikattu president jallikattuprotest 
426 , president 
426 , india 
426 , act 
426 , jallikattu 
427 , jallikattu marinapr 
428 , the president 
428 , india 
428 , the jallikattu ordinance 
428 , the tamilnadu government 
429 , jallikattu violence relief 
430 , president 
430 , india pranabmukherjee 
430 , the tamilnadu jallikattu bill 
430 , which 
430 , tnassembly 
430 , last week 
431 , vazhividu 
431 , a single track 
431 , all the heroes 
431 , the victory 
431 , the jallikattu ban 
432 , you 
432 , sir 
432 , ordinance 
432 , tn govt 
432 , jallikattu jallikattuordinance 
434 , nammalvars permaculture 
434 , farmers agriculture jallikattu 
435 , hats 
435 , you 
435 , all amma jallikattuordinance justiceforjallikatu jallikattu jallikattuprotest 
436 , jallikattu tnassembly 
437 , president 
437 , jallikattu amend president 
438 , allow kambala 
438 , it 
438 , culturally sensitive 
438 , jallikattu 
438 , nadu jallikattuprotest 
439 , kambala verdict deferred karnataka hc 
439 , petitioners 
439 , supreme courts 
440 , jallikattu date 
440 , finalised announcement 
441 , home ministry 
441 , the okay 
441 , jallikattu ordinance 
442 , honourable chief minister 
442 , committee jallikattu date finalisedannouncement 
442 , tomorrow or day 
442 , skycinemas 
443 , jallikattu uprising 
443 , out chinnamma 
443 , cm chorus 
444 , kambala karnataka hc 
444 , petitioner 
444 , once sc 
444 , verdict 
444 , jallikattu 
445 , raghavalawrence and students list 
445 , opanneerselvam jallikattu 
446 , what 
446 , japan 
446 , what jallikattu 
446 , tamil nadu gurudev 
447 , a jallikattu law 
447 , mob pressure 
447 , a dangerous precedent 
447 , majoritarianism 
447 , ins 
448 , kambala karnataka 
448 , high court 
448 , petitioner 
448 , once supremecourt 
448 , verdict 
448 , jallikattu 
449 , lawrence panneerselvam jallikattu 
450 , friends 
450 , minutes 
450 , i 
450 , a video 
450 , jallikattu its expose video 
450 , peta ceo 
451 , jallikattu womanpolice 
452 , shocking jealous chennai police 
452 , fire 
452 , vehicles 
452 , cant bear 
453 , kamal 
453 , others 
453 , tweet video 
453 , cop 
453 , an auto 
453 , fire jallikattu 
454 , years 
454 , man 
454 , kidnap and rape 
454 , girl 
454 , he 
454 , life 
455 , jallikattu jallikattuprotest actorsimbu simbu h 
456 , fantastic explanation 
456 , y jallikattu shld 
456 , u 
456 , india amp next generations not native cattle ht 
457 , jallikattu jayatv 
458 , jallikattu justiceforjallikatu 
459 , jallikattu bengaluru 
460 , you 
460 , jallikattu 
461 , chalo isi bahaane nationalists 
461 , maana ki supreme court se galti 
461 , hai jallikattu 
462 , congress 
462 , people 
462 , tamilnadu 
462 , the culture amp tradition 
462 , jallikattu 
462 , adequate safety 
463 , str jallikattu 
464 , sir 
464 , what 
464 , the significance f 
464 , jallikattu 
464 , st century 
464 , any other possible way 
464 , bulls 
465 , jallikattu violence relief highcourt 
466 , cpim cpi amp vck protest 
466 , coimbatore 
466 , organized state police violence 
466 , jallikattu protestors 
467 , sasikala admk alanganallur jallikattu 
468 , jallikattu tngovt aiadmk 
469 , jallikattu auto riot 
470 , further twist 
470 , case sc 
470 , new bench 
470 , justices 
470 , dipak misraampak roy original bench 
470 , justices mi 
471 , kambala karnataka jallikattu 
472 , vijayasethupathi abisaravanan jallikattu 
473 , rss bjp admk jallikattu 
474 , opanneerselvam jallikattu 
475 , currentaffair jallikattu traditionalsports 
475 , upsc htt 
476 , currentaffair jallikattu 
476 , supremecourt upsc ht 
477 , my statement 
477 , the need 
477 , jallikattu event 
477 , god 
478 , cudnt 
478 , anywhere jallikattu unesco protectjallikattu 
479 , kahi pe stars history ko banaye rakhane ke liye khade hote hain jallikattu 
479 , pe badlane k liye padmawati 
480 , jallikattu cockfight 
481 , nope its petaindia 
481 , we 
481 , amendpca 
481 , jallikattu 
481 , permanent solution b 
482 , tamil nadu festival south india jallikattu tradition amp festival 
482 , tamilnadu 
483 , malnutrition poverty 
483 , suicides road accident deaths india 
483 , calamity jallikattu kambala 
484 , i 
484 , support kambala 
484 , peta 
484 , our sport jallikattu kambala 
485 , madurai djp order jallikattu 
486 , further twist 
486 , case sc 
486 , new bench 
486 , justices 
486 , dipak misraampak roy original bench 
486 , justices misraampj nariman 
487 , kambala verdict deferred karnatakahc 
487 , petitioners 
487 , supremecourts 
488 , peta ceo 
488 , poorvajoshipura 
488 , wholehearted appology 
488 , this 
489 , kambala matter 
489 , weeks 
489 , karnataka hc hc 
489 , petitioner 
489 , sc grants verdict 
489 , jallikattu 
490 , jallikattu peta tngovernment gkvasan 
491 , acc hsi bulls 
491 , bullfights 
491 , each year 
491 , the world 
491 , how many 
491 , jallikattu hon supcourt 
492 , jallikattu ragavalawrence 
493 , there 
493 , no proper democracy industry 
493 , bollywood 
493 , need 
493 , what 
493 , people 
494 , jampk newspaper 
494 , jallikattu 
494 , sheer idiocy author 
494 , a kp 
495 , shameontnpolice jallikattu 
496 , ktaka hc 
496 , kambala matter 
496 , weeks 
496 , petitioner 
496 , sc grants verdict 
496 , jallikattu 
497 , their facebook page 
497 , jallikattu 
498 , hc 
498 , kambala matter 
498 , weeks 
498 , petitioner 
498 , jallikattu verdict 
499 , a tamilan 
499 , we 
499 , support 
499 , you people victory 
499 , jallikattu kambala 
500 , jallikattu 
500 , an interesting read 
501 , uttar 
501 , most children 
501 , indias 
501 , densest state 
501 , population 
501 , age 
501 , malnutrition kambala jallikattu 
502 , seeman jallikattu 
503 , jallikattu shameontnpolice 
504 , children 
504 , tn 
504 , of 
504 , chennai children 
504 , moderately stunted growth kambala jallikattu 
505 , kaalapoottu 
505 , kerala government approval jallikattu 
506 , ragavalawrence lawrence 
506 , cm panneerselvam tcokjbxjpwv jallikattu cmpaneerselvam 
507 , nice record 
507 , d emotions 
507 , jallikattu protestorsmy quote 
507 , d middle 
507 , the article 
508 , jallikattu vikatanawards vikatancinemaawards 
509 , a ludicrous attempt 
509 , jallikattu 
509 , a hoax 
509 , triple talaq comparison 
510 , india ranks 
510 , countries 
510 , children 
510 , less than five years 
511 , kambala matter 
511 , weeks 
511 , karnataka hc 
511 , high court 
511 , petitioner 
511 , sc grants verdict 
511 , jallikattu 
512 , india tamilnadu 
512 , tamizhanda tamilsforjallikattu bullfight jallikattu pongal 
513 , india 
513 , on global hunger index kambala jallikattu 
514 , ragavalawrence lawrence 
514 , cm panneerselvam tcokjbxjpwv jallikattu cmpaneerselvam 
514 , false inreplytostatusid null id favoritecount entities 
514 , expandedurl displayurl googlewds media type photo 
514 , mediaurl 
514 , false coordinates null source twitter 
514 , android inreplytoscreenname null inreplytouserid null retweetcount idstr 
514 , false user followerscount profilesidebarbordercolor 
514 , idstr profilebackgroundcolor 
514 , listedcount 
514 , false utcoffset null statusescount description 
514 , others 
514 , yourself 
514 , others 
514 , yourself 
514 , location profilelinkcolor daf profileimageurl 
514 , false geoenabled false profilebannerurl profilebackgroundimageurl screenname sasaibangaram lang 
514 , profilebackgroundtile false favouritescount name 
514 , pawanism notifications false url null createdat 
514 , oct 
514 , false timezone null 
514 , false defaultprofile 
514 , false geo null 
514 , null possiblysensitive false lang 
514 , createdat mon jan 
514 , null place null extendedentities metadata 
515 , hiphoptamizha 
515 , jallikattu struggle 
515 , whatsapp confession 
516 , jallikattu deepa 
516 , ngra peru 
517 , anyone 
517 , oprodeo jallikattu animalabuse 
517 , entertainment need 
517 , their understanding 
517 , life endanim 
518 , most remarkable thing 
518 , the jallikattu protests 
518 , the young women 
518 , the beach 
518 , no fear 
518 , harassmentdelh 
519 , simbu addresses media 
519 , jallikattu protest and violence strpressmeet 
520 , all jallikattu protesters 
520 , who 
520 , sugar waters pepsi 
520 , cocacola ads 
521 , breakingmadras hc 
521 , report 
521 , police crackdown 
521 , jallikattu protesters 
521 , feb 
522 , we 
522 , truths 
522 , rapes 
522 , men 
522 , nothing 
523 , those men 
523 , who 
523 , anger 
523 , any mens issues 
523 , what 
523 , this show bull 
524 , jallikattu 
524 , a cultural symbol respect 
524 , it 
524 , all 
524 , animal rights 
524 , but here 
524 , that 
524 , the pointtradition amp 
525 , karnataka 
525 , kambala matter 
525 , petitioner 
525 , sc 
525 , jallikattu verdict 
526 , hotels jallikattu pepsi coke 
527 , quality 
527 , life 
527 , we 
527 , the indians fight 
527 , jallikattu kambala padmavati 
527 , religions 
528 , jallikattu mkstalin 
529 , timesofindia kambala matter 
529 , karnataka hc 
529 , weeks petitioner 
529 , sc grants verdict 
529 , jallikattu 
530 , newsalert kambala matter 
530 , weeks 
530 , karnataka hc hc 
530 , petitioner 
530 , sc grants verdict 
530 , jallikattu 
531 , kambala matter 
531 , karnataka hc 
531 , weeks petitioner 
531 , sc grants verdict 
531 , jallikattu 
532 , kambala matter 
532 , weeks 
532 , karnataka hc hc 
532 , petitioner 
532 , sc grants verdict 
532 , jallikattu ani 
533 , kambala matter 
533 , two weeks 
533 , karnatakahc 
533 , the petitioner 
533 , sc grants verdict 
533 , jallikattu 
534 , hc 
534 , plea 
534 , kambala 
534 , two weeks 
534 , the petitioner 
534 , sc order 
534 , jallikattu matter 
535 , modi 
535 , jallikattu 
535 , mahadayi 
535 , mahadayi 
536 , jallikattu talaq sports 
536 , misogynist practice typical libtard nologic 
537 , the congress party 
537 , its manifesto 
537 , tamilnadu election 
537 , promised 
537 , jallikattu hypocrisy 
537 , congress aga 
538 , jallikattu h 
539 , karnataka 
539 , kambala says 
539 , sc hearing 
539 , jallikattu next hearing 
539 , weeks 
540 , simbu jallikattu protest 
541 , deaths 
541 , jallikattu 
542 , jallikattu 
542 , jallikattuforever jallikattuprotest seeman jallikattunadathurom 
543 , lesson 
543 , jallikattu protest kambala protest organizers 
543 , bengaluru 
543 , no hijacking 
543 , htt 
544 , rajinifollowers 
544 , s 
544 , full video 
544 , rajinikanth sirs speech 
544 , jallikattu jallikattu 
544 , a culture 
545 , jallikattu issue v 
545 , demonetisation 
545 , what 
545 , what 
545 , the outcome 
545 , many black money holders 
545 , cau 
546 , jallikattu self gain 
546 , not tamilnadu traders 
546 , cocacola pepsi 
546 , vs india sugar epidemic 
547 , actor 
547 , release 
547 , jallikattu protestors 
548 , jallikattu dispute 
548 , nadu cm assures 
548 , cases 
548 , students 
549 , cinema 
549 , dumbo u cant 
549 , any viz 
549 , northis 
549 , hr beafeater supporting jallikattu 
549 , fraud love cow 
549 , a porki 
550 , why 
550 , ashutoshmaharaj case 
551 , shameonbollywood tamil film industry 
551 , rock solid support jallikattu 
551 , support kashmiri hindus 
552 , party and jairam ramesh 
552 , the main reason 
552 , this problem jallikattu antiindiacongress 
553 , the perfect time 
553 , situations 
553 , jallikattu takkarutakkaruidhu maata pathina pre illa un naata pathina prechana 
554 , jallikattu kambala 
555 , jallikattu peta tngovernment 
556 , jallikattu ameer nerpadapesu 
557 , you 
557 , that supremecourt 
557 , some judgements 
557 , dahihandi loudspeakers 
557 , your t 
558 , who 
558 , jallikattu prime mover 
558 , the agitation karthikeya sivasenapathy 
558 , jallikattuprotest ht 
559 , suzuki 
560 , virsanghvi 
560 , virtuosity 
560 , the bulltaming tradition amp massive protests 
561 , dmk jallikattu dsp marina police 
562 , peta apologises 
562 , projallikattu stand 
562 , singam promotion 
563 , hble sc 
563 , doors 
563 , terrorist yakubmenon case 
563 , am 
563 , morn but wont 
563 , pil 
563 , jallikattu ppl emotions 
563 , matter 
564 , suriya jallikattu pet 
565 , what 
565 , your views 
565 , jallikattu 
566 , jallikattu vikatanawards vikatancinemaawards 
567 , jallikattu charges 
567 , tamil nadu 
568 , jallikattu jallikattuordinance strpress 
569 , gethu 
570 , proud 
570 , you 
570 , ppl 
570 , marina amp 
570 , your knowledge 
570 , jallikattu keep 
570 , it 
571 , you 
571 , the politics 
571 , the jallikattu ban 
572 , we 
572 , it 
572 , all 
572 , you 
572 , who 
572 , this protest 
572 , almost an year 
573 , she 
573 , our heartsshe 
573 , hearts 
573 , her own people tamilians 
573 , she 
573 , her love 
573 , jallikattu 
574 , jallikattu gandhis dream 
574 , chennaimarina 
574 , nowadays this 
574 , thetamizhan mahatmagandhi l 
575 , tennis fan federer 
575 , nadalu jallikattu fan peta oru muttalu ausopen federernadal fedal 
576 , sc 
576 , jallikattu amp kambala cant 
578 , poll 
578 , jallikattu ban 
579 , who 
579 , jallikattu prime mover 
579 , the agitation karthikeya sivasenapathy 
579 , out jallikattuprotest 
580 , shame 
580 , dmk 
580 , youngsters 
580 , jallikattu protest 
580 , their stupid interruption 
581 , animals 
581 , our partners 
581 , food production sg jallikattu 
582 , sir ur fort jallikattu 
583 , share justiceforjallikatu jallikattu 
584 , dairy startups milk jallikattu campaign 
584 , a good 
584 , effect 
585 , legal notice 
585 , peta suriya suriyafans jallikattu jallikattuprotest jall 
587 , jallikattu peta 
588 , an fb screenshot 
588 , a milk jallikattu 
589 , one 
589 , a marina beach 
589 , a la jallikattu 
589 , cracker ban 
589 , that sivakasi tn 
589 , the hub omg 
589 , one more 
590 , jallikattu justiceforj 
591 , jallikattu issue v 
591 , demonetisation 
591 , what 
591 , what 
591 , the outcome 
591 , many black money holders 
592 , jallikattu suriya peta koradanews 
593 , pawankalyans 
593 , version 
593 , jallikattu 
593 , vizag 
593 , a big flop show weekendcommentbyrk 
594 , jallikattu jallikattuprotest actorsi 
595 , simbu jallikattu strpressmeet 
596 , release students 
596 , me 
596 , jallikattu str 
597 , anna proudofyoustr jallikattu st 
598 , trajendar simbu tr jallikattu ja 
599 , force usual buzz 
599 , marina 
599 , marina jallikattu jallikattuprotest 
600 , jallikattu nadukuppam 
601 , out 
601 , jallikattu 
601 , tamilnadu jallikattuprotest 
602 , reply 
602 , all those sentiments 
602 , many 
602 , a statement 
602 , context jallikattu 
603 , exquisite details 
603 , this long story 
603 , jallikattu socalled protests 
603 , chennai beach 
603 , a sample 
604 , jallikattu kodipandem ap special category status apscs 
605 , entha naiyavuthu jairam ramesha ethirthu kural kuduthutha marinaprotest jallikattu 
606 , jallikattu jallikattuprotest actorsimbu 
607 , jallikattu movement supremecourt 
608 , kambala 
608 , a less harmful sport 
608 , kambalafight 
610 , apdamandsspecialstatus jallikattu 
611 , jallikattu kodipandem 
612 , jallikattu ooopss i 
612 , peta people 
612 , evil thoughts association 
613 , stalin 
613 , jallikattu stir natarajan 
614 , peta 
614 , us 
615 , simbu interview fulldetail jallikattu struggle fishermen police 
616 , jallikattu manjuvirattu 
616 , tn 
616 , fervour 
617 , ban slaughter 
617 , gurudev 
618 , jallikattu support 
618 , harrisjayaraj 
618 , jallikattuisourbirthright j 
619 , jallikattu jallikattuforsure jallikatu banpeta 
620 , marinabeach jallikattu 
621 , dear 
621 , jallikattu kambala 
621 , sense 
621 , veterinary hospitals 
622 , jallikattu jallikattuordinance 
622 , jallikattuprotest marinaprotest 
623 , jallikattu 
623 , barbarism ram 
623 , gopal varma 
623 , protests 
624 , jallikattu jallikattuprotes 
625 , apdemandsspecialstatus jallikattu janasena 
626 , ponradhakrishnan jallikattu 
627 , who 
627 , i 
627 , dravidan supporter 
627 , you 
627 , my tweets 
627 , jallikattu issue 
627 , strongly supported 
628 , jallikattu protest 
628 , a social activist 
628 , more than decades 
629 , hi guys 
629 , this 
629 , raghavalawrence fans page 
629 , we 
629 , we 
629 , support 
629 , our real hero jallikattu jallikattuslogans 
630 , c si sipressmeet police jallikattu 
631 , trajendar simbu tr jallikattu jallikattuprotest 
632 , dairy startups milk jallikattu campaign 
632 , the economic times 
633 , we 
633 , all 
633 , petaindia 
633 , jallikattu 
633 , it 
633 , the tv remote 
633 , mom 
634 , any 
634 , who 
634 , peta 
634 , mncs 
634 , a fictitious world jallikattu 
635 , exclusive jallikattuprotests jallikattu 
636 , tr jallikattu 
637 , media reports 
637 , many people 
637 , jallikattu but dont 
637 , any news 
637 , people 
637 , police attack biasedmedia factcheck 
638 , jallikattu suriya 
639 , jallikattu 
639 , holi 
639 , makarsankranti 
640 , millions 
640 , families 
640 , our villages 
640 , death 
640 , you 
640 , jallikattu pls 
641 , we 
641 , jallikattu 
641 , you 
642 , jallikattu jallikattuprotest 
643 , who 
643 , peta targetedtruth tcodlskekvb 
643 , antianimal rights amp welfare jallikattu banjallikattu 
644 , dont 
644 , low watching tv 
644 , this 
644 , our jallikattu bulls horns 
644 , fire amp bs 
644 , steel 
645 , whatsapp forward 
645 , the day 
646 , a muslim 
646 , jallikattu protest 
646 , a muslim 
646 , channel how 
647 , you 
647 , a jallikattu 
647 , bhansalis 
648 , ngo and christian groups 
648 , jallikattu 
648 , full report 
649 , raghava lawrence 
649 , cm panneerselvam tcoftcjqtct jallikattu raghavalawrence cmpaneerselvam 
650 , peta 
650 , animals misinformation source jallikattu banjallikattu peta animalrights 
651 , there 
651 , a misconception 
651 , supremecourt 
651 , it 
651 , ramesh sivasenpathy 
652 , jallikattu strpressmeet 
653 , there 
653 , no comparison 
653 , jallikattu amp ucc ucc 
653 , about women rights amp empowermentjallikattu 
653 , a sport 
654 , something 
654 , some future problem 
654 , we 
654 , india 
655 , investigation 
655 , bank acnt amp call hstry 
655 , same pattern 
655 , d case 
656 , hiphop adhi 
656 , chennai violence amp jallikattu issue exc jallikattu 
657 , simbu jallikattu 
658 , stalin instigated students 
658 , jallikattu agitation sasikalas husband 
659 , an thalaivan speech 
659 , jallikattu issue 
659 , tamil strpressmeet 
660 , beefeating cadre 
660 , dmk admk 
660 , ltte remnants 
660 , dr 
660 , brahmins 
660 , talk jallikattu haven 
660 , seen gutter tweets 
661 , kerala superstar mammootty 
661 , jallikattu support message 
662 , jallikattu savefarmers 
663 , our speech 
663 , vikatanawards 
663 , jallikattu 
664 , tomorrow evening 
664 , new video 
664 , jallikattu 
664 , jallikattuslogans 
665 , pics 
665 , truth 
665 , thala nadigarsangam jallikattu nadigarsangamprotest 
666 , thamizha tamilnadu tnboys 
666 , jallikattu protest 
666 , marina currentstatus 
667 , for jallikattu 
668 , must 
668 , activists 
668 , experts 
668 , court cases farmers 
668 , jallikattu h 
669 , jallikattubullfight spiritual leader 
669 , jallikattu 
669 , there every month 
669 , itvideo 
670 , jallikattu bulls 
670 , jallikattu 
670 , that more humane 
671 , jallikattu animal 
671 , our partnerto mistreat isnt 
671 , rightand not common 
671 , some ppl ge 
672 , jallikattu its a rural sport 
672 , that 
672 , youth away 
672 , bad habits local admn 
672 , traditio 
673 , jallikattu just 
674 , so many 
674 , in support 
674 , jallikattu justiceforjallikattu 
675 , jallikattu trajendar narendramodi opan 
676 , yesterday 
676 , the bull name jai 
676 , ntr fans 
676 , town 
677 , appeal 
677 , the people 
677 , tamil nadu 
677 , the protests 
677 , peaceful sg jallikattu 
678 , jallikattu justicef 
679 , whats 
679 , jallikattu but norms 
679 , the animals 
679 , safe sg 
680 , shivsena bjp jallikattu 
681 , jallikattu 
682 , all it 
682 , colossal mistrust 
682 , political establishment 
682 , a leaders demise 
682 , jallikattu 
683 , thanioruvanbrothers amp protest 
683 , jallikattu 
683 , marina 
684 , sasikala cm jayalalitha 
684 , ops 
684 , deepa marina jallikattu marinaprotest 
685 , a change 
685 , protests 
685 , its nature 
685 , statusquoist amp desperate attempt 
685 , ones 
685 , tradition n 
686 , congress bjp tamilnadu 
687 , jallikattu mai koi action rxn nahi 
688 , wakeuphindus 
688 , our hindu tradition 
688 , culture 
688 , religious festivals 
688 , lost secul 
689 , mondaytuesday 
689 , dr 
689 , jallikattu 
689 , sc 
689 , how many 
689 , national or tn media 
690 , slaughter 
690 , jallikattu activists protest chinese 
690 , dogs 
690 , we 
690 , cows 
691 , jallikattu 
691 , support 
692 , jlf sadhguru bats 
692 , jallikattu 
693 , jallikattu not 
693 , a bull fight 
693 , the bull 
693 , you 
693 , bull 
693 , the sport 
694 , sea 
694 , hope 
694 , what 
694 , an inspiring visual the future 
694 , bright a million stars 
694 , marina jallikattu 
695 , jallikattu ban 
695 , it 
695 , a bull fight 
695 , it 
695 , the animal 
696 , the best 
696 , recent times 
696 , we 
696 , family system 
696 , biased laws 
697 , the best 
697 , recent times 
697 , we 
697 , family system 
697 , biased laws feminism 
698 , jallikattu 
698 , a sport 
698 , it 
698 , ucc unfairly 
698 , vested interest feminismisantimen 
699 , jallikattu 
699 , the world 
699 , evil ngos 
699 , ppl 
699 , who 
699 , those 
700 , rgv slams maheshbabu 
700 , problems 
700 , andhra pradesh 
701 , jallikattu protesters 
701 , osama bin ladens pictures 
701 , separate tamilnadu 
702 , protests 
702 , tamil nadu jallikattu jallikattuordinance 
703 , she 
703 , our heartsshe 
703 , hearts 
703 , her own people tamilians 
703 , she 
703 , her love 
703 , jallikattu 
